{
  "movies": [
    {
      "id": "a11",
      "title": "Alita: Battle Angel (2019)",
      "quote": "An angel falls. A warrior rises.",
      "genre": "Action, Science Fiction, Adventure",
      "totalTime": "2h 2m",
      "overview": "When Alita awakens with no memory of who she is in a future world she does not recognize, she is taken in by Ido, a compassionate doctor who realizes that somewhere in this abandoned cyborg shell is the heart and soul of a young woman with an extraordinary past.",
      "releaseDate": "02/14/2019",
      "imagePath" : "https://www.themoviedb.org/t/p/w600_and_h900_bestv2/xRWht48C2V8XNfzvPehyClOvDni.jpg"
    },
    {
      "id": "a12",
      "title": "Avengers: Infinity War (2018)",
      "quote": "An entire universe. Once and for all.",
      "genre": "Action, Science Fiction, Adventure",
      "totalTime": "2h 29m",
      "overview": "As the Avengers and their allies have continued to protect the world from threats too large for any one hero to handle, a new danger has emerged from the cosmic shadows: Thanos. A despot of intergalactic infamy, his goal is to collect all six Infinity Stones, artifacts of unimaginable power, and use them to inflict his twisted will on all of reality. Everything the Avengers have fought for has led up to this moment - the fate of Earth and existence itself has never been more uncertain.",
      "releaseDate": "04/27/2018",
      "imagePath": "https://www.themoviedb.org/t/p/w600_and_h900_bestv2/7WsyChQLEftFiDOVTGkv3hFpyyt.jpg"
    },
    {
      "id": "a13",
      "title": "Aquaman (2018)",
      "quote": "Home Is Calling",
      "genre": "Action, Fantasy, Adventure",
      "totalTime": "2h 23m",
      "overview": "Once home to the most advanced civilization on Earth, Atlantis is now an underwater kingdom ruled by the power-hungry King Orm. With a vast army at his disposal, Orm plans to conquer the remaining oceanic people and then the surface world. Standing in his way is Arthur Curry, Orm's half-human, half-Atlantean brother and true heir to the throne.",
      "releaseDate": "12/21/2018",
      "imagePath": "https://www.themoviedb.org/t/p/w600_and_h900_bestv2/vEj13Ro7d2qjgeHI0eyqb7wMjvO.jpg"
    },
    {
      "id": "a14",
      "title": "Bohemian Rhapsody (2018)",
      "quote": "Fearless lives forever",
      "genre": "Music, Drama, History",
      "totalTime": "2h 15m",
      "overview": "Singer Freddie Mercury, guitarist Brian May, drummer Roger Taylor and bass guitarist John Deacon take the music world by storm when they form the rock 'n' roll band Queen in 1970. Hit songs become instant classics. When Mercury's increasingly wild lifestyle starts to spiral out of control, Queen soon faces its greatest challenge yet – finding a way to keep the band together amid the success and excess.",
      "releaseDate": "11/02/2018",
      "imagePath": "https://www.themoviedb.org/t/p/w600_and_h900_bestv2/lHu1wtNaczFPGFDTrjCSzeLPTKN.jpg"
    },
    {
      "id": "a15",
      "title": "Cold Pursuit (2019)",
      "quote": "Meet Nels Coxman. Citizen of the Year.",
      "genre": "Action, Crime, Thriller",
      "totalTime": "1h 59m",
      "overview": "The quiet family life of Nels Coxman, a snowplow driver, is upended after his son's murder. Nels begins a vengeful hunt for Viking, the drug lord he holds responsible for the killing, eliminating Viking's associates one by one. As Nels draws closer to Viking, his actions bring even more unexpected and violent consequences, as he proves that revenge is all in the execution.",
      "releaseDate": "02/08/2019",
      "imagePath": "https://www.themoviedb.org/t/p/w600_and_h900_bestv2/hXgmWPd1SuujRZ4QnKLzrj79PAw.jpg"
    },
    {
      "id": "a16",
      "title": "Creed II (2018)",
      "quote": "There's More to Lose than a Title",
      "genre": "Drama",
      "totalTime": "2h 10m",
      "overview": "Between personal obligations and training for his next big fight against an opponent with ties to his family's past, Adonis Creed is up against the challenge of his life.",
      "releaseDate": "11/21/2018",
      "imagePath": "https://www.themoviedb.org/t/p/w600_and_h900_bestv2/v3QyboWRoA4O9RbcsqH8tJMe8EB.jpg"
    },
    {
      "id": "a17",
      "title": "Fantastic Beasts: The Crimes of Grindelwald (2018)",
      "quote": "Fate of One. Future of All.",
      "genre": "Adventure, Fantasy, Drama",
      "totalTime": "2h 14m",
      "overview": "Gellert Grindelwald has escaped imprisonment and has begun gathering followers to his cause—elevating wizards above all non-magical beings. The only one capable of putting a stop to him is the wizard he once called his closest friend, Albus Dumbledore. However, Dumbledore will need to seek help from the wizard who had thwarted Grindelwald once before, his former student Newt Scamander, who agrees to help, unaware of the dangers that lie ahead. Lines are drawn as love and loyalty are tested, even among the truest friends and family, in an increasingly divided wizarding world.",
      "releaseDate": "11/16/2018",
      "imagePath": "https://www.themoviedb.org/t/p/w600_and_h900_bestv2/u5QrKhSCGoFsB8aAvZZJ1b53k16.jpg"
    },
    {
      "id": "a18",
      "title": "Glass (2019)",
      "quote": "You Cannot Contain What You Are",
      "genre": "Thriller, Drama, Science Fiction",
      "totalTime": "2h 9m",
      "overview": "In a series of escalating encounters, former security guard David Dunn uses his supernatural abilities to track Kevin Wendell Crumb, a disturbed man who has twenty-four personalities. Meanwhile, the shadowy presence of Elijah Price emerges as an orchestrator who holds secrets critical to both men.",
      "releaseDate": "01/18/2019",
      "imagePath": "https://www.themoviedb.org/t/p/w600_and_h900_bestv2/svIDTNUoajS8dLEo7EosxvyAsgJ.jpg"
    },
    {
      "id": "a19",
      "title": "How to Train Your Dragon: The Hidden World (2019)",
      "quote": "The friendship of a lifetime",
      "genre": "Animation, Family, Adventure",
      "totalTime": "1h 44m",
      "overview": "As Hiccup fulfills his dream of creating a peaceful dragon utopia, Toothless’ discovery of an untamed, elusive mate draws the Night Fury away. When danger mounts at home and Hiccup’s reign as village chief is tested, both dragon and rider must make impossible decisions to save their kind.",
      "releaseDate": "01/09/2019",
      "imagePath": "https://www.themoviedb.org/t/p/w600_and_h900_bestv2/xvx4Yhf0DVH8G4LzNISpMfFBDy2.jpg"
    },
    {
      "id": "a120",
      "title": "Spider-Man: Into the Spider-Verse (2018)",
      "quote": "More Than One Wears the Mask",
      "genre": "Action, Adventure, Animation, Science Fiction, Comedy",
      "totalTime": "1h 57m",
      "overview": "Miles Morales is juggling his life between being a high school student and being a spider-man. When Wilson \"Kingpin\" Fisk uses a super collider, others from across the Spider-Verse are transported to this dimension.",
      "releaseDate": "12/14/2018",
      "imagePath": "https://www.themoviedb.org/t/p/w600_and_h900_bestv2/iiZZdoQBEYBv6id8su7ImL0oCbD.jpg"
    }

  ]
}